13857342,randileeharper
930620467,YesYoureSexist
9609622,perthnow
37413076,GlobeAlone
556661091,pwafork
71952630,jez99
2756873076,MT8_9
275445020,claudiabella22
39029948,elyssalucy
240489651,IllawarraFlame
14770241,yowlx
573614242,dumbadm1n
709105290,BerryPayneful
2313204931,LillSaleh
1333946204,EatStreetWA
27632906,Raraishere
36543033,Antvella
108241254,kevinzminion
68689221,lizzyp29
2273632160,AussieAdrift
752458694,tankcollins87
98896743,ozboxfan
1946156508,MozziesBiteMe
144840737,lottiewillis
74418780,Ziggy_Spider
180755998,1girl2manybooks
59436993,chantillilace92
769193119,slabdogs
342069311,karlyjk
34472348,gemma92rogers
232728981,hisuehere
162266849,CountessAu
2996880769,8LewisBlogs8
38486565,sbsparky90
3063966541,quinnpeter15
29424561,harrypotter1994
35588686,NotJimmyPop
29406736,missclarolyn
100658892,imchuck__bass
38650214,foodbling
2829213614,harleymaxx16
38290921,mshellsj
14473703,drdisco_
264598651,ROCPhotography
33803412,DanDreadz
247696871,finicalgal
15641984,spanner77
340376505,GidgitVonLaRue
33134609,sharonpiggott
51008247,lizziebee1984
22729966,initforloveblog
3006153780,LettuceDaze
1580228064,annie_chaplin
22223971,deenie_xo
365105604,fee_bee_63
43830965,haveaseatbihh
169833243,Just_Joolzy
116545134,jpthepower
446631012,TheAngelaOfOz
458805681,CunningQuestion
752800226,laurapolot
1017123967,BarkyMalarkey1
265826888,DeakySandwich
15374531,TezMillerOz
116358110,samvanzweden
23901130,norme73
2105021,greysfan
2601524623,JL_Whitaker
138678027,cygnusgaming_
21848593,CherinJohns
1955720384,AutisticNickAU
64980891,StephWalker82
2522242938,SamuraiPickles
58749535,sueymac
1405309777,kelloveslife
351399926,VanityFare1
2584746324,thesteveempire
145596343,danahutc
1595254298,alenartofitz
236880390,RebelYell88
20569411,jacquirudd
2587278392,lilbeastunleash
238768817,allankmelb
297245835,mickreed79
263440464,MartinJGabor
590023803,EloisePeace
46076472,UnderYourPorch
1037062796,jparto69
359236505,colonelkickhead
2294201833,Lovemycoffeetoo
2726130763,Cvmoltweet
108012664,mariahsamrani
22840845,OliveWahh
321275798,Da_Cidre
21738556,Kathblue
135132634,omg_beccy_d
36608957,allisonekane
3236121,azp74
30544168,SharkieGirl5
342065781,SageOfSichuan
23568714,libertyrose_
1690890258,GoTheGrey
22353675,synthballs
973811635,StormieSquall
2570427830,mellym09
12201452,_maxius_
2385999008,chloejames____
33527714,__Miss_Sarah__
15902589,musicshooter
2360323201,CarlyandTresne
193700451,Dean_Machine_
42357934,JessGallagher_
579762973,KirstenPoChing
22116112,michellebowran
3041100698,pons_james
18133726,chrisentheo
261162002,JazzyAds
546641586,LacquerCF
1616603472,A_Total_Spaz
208955370,rayljdb
2210127277,_chriszee
719655337,Nodonn3
482583016,jgray0711
138294089,CorinnaSladey
66562646,mattytattat
346491432,sconnybonbon
526411749,SJL181
569870574,classyxmess
309579914,HomiRazi
1849850612,Heeerner
599745022,LisaMRomano
198773386,TheChoppy
24085297,EffieP
2227596128,vanlomd
53128314,broncook76
187138183,RealtyGC
907734912,RobinElizabee
2953604840,BeardimusTrion
856134422,DayOfTheCat
21451979,markyrocks
131179888,Sonia3044
373317699,longa_13
2891662632,jollygoodpotato
624916919,DanRolferino
714051386,SueKennedy19
27225245,M0SCHIM0
2650794800,CattyKoala
2476395422,LeaSamiee
2640990344,im__emilyy
441748905,Sairsebear
535741152,richellewho1
238882525,k_rallings
497581397,mrmatthewyoung
76632914,___k2908
320984413,bigboypoppin_
183950893,wjafarrow
555703941,AlexNapier93
21460983,pspetersen07
873461084,FoodieTimes1
549246199,_harrisonp
43656765,AllyKatPerth
378639234,fnlmasquerade
1217026452,ClaireTokley
590939369,Vicky_Waterloo
249953574,philippakate89
2191326486,Sir_Merc
79459832,WittySam
433015295,wheresallan
166873656,grhod
52374272,G_melb
446232661,pockt_rockt
2734698319,DlyanDlyanhamma
39031633,alliwalters
569586545,mattwhelan7
300641932,stillerhappy
62208019,squishilicious
1570350235,lismarie56
366531168,Yalboroo
605572062,Emily_Boxall
110114783,trish2295
1593438482,FlossFewclothes
3018304886,Jdubzlad
2459169938,SeaEph
2856816230,scottdon25
38397609,Tilaurin
214413108,Magayla95
26326439,SmashTash
545159350,SKR_16
10235202,AlvinNg
33144784,Traceylee82
281868409,SGFG_ftcalum
319618901,saralaw_
2324314232,handlemytweeets
27608469,Catatwitering
3015585874,WineYap
236763329,NewIdeamagazine
2370248125,madstamoo
17021576,choux_choux
26472217,i_heart_nando
254941287,UntamedSnark
26248642,Sir_Smartee
286130992,AdamPorter1
347048522,SydneyEditor1
178183112,garydlum
129635846,djcmcfarlane
101325044,PeriBaptista
20658917,Suzeme
412967063,Imrealwill
272701790,AussieRants
2322065402,TheCraigles60
626350040,gabethelobster
17263897,girlwhowrites
424617920,Lang44d
76603658,brydieharman
24144135,UStupidBitch
19898890,SuzanneCarbone
327312396,Liljohnny6
151412447,PaulaStaal
768978024,keithwgreen
23567167,TailsK
465311165,Fuck_Its_Dan
636777046,jessmaree28
12385682,photogfrog
1018483980,erin_pastore
158886455,RachCoombz
2892548532,XX5sosispizzaXX
2893958011,BeronaJonalyn
299682788,x_veetz89_x
2187834654,giacamo00110001
181892978,mickystre
67499940,SelinaCYS
571965561,WintersAbby
3047607607,GazaniaSocial
470640351,Patto_sp
262389370,49arsenal
2852877864,itsjustmona
1240932972,smithy_deb
3029292959,ErinDekker
550923814,vogue__blog
156928816,TheFangsta
52320378,r00tcracker
22999093,misssstacey
38120739,Ben_Creasey86
2297582839,TheM0NG
1851438134,ejrendon_
25816086,joannalawry
300215343,Dishaisme
181965556,eastofjanuary
238352817,LisaStanbridge
40241957,MauriArlegui
82785951,AusCoastSafaris
167221856,karina__hogan
727894124,96Maher
2312803273,Graciouswaterss
3014154552,RobWoods72
502757492,nick_van_d
331379045,Chrispparkes
244081566,pagey5177
73375342,katmky
750525991,CamCondor
170276973,MsDodgyDog
23757424,hufflepuffcrazy
73590927,KatiiieCarr
414244661,know1evernose
492048632,coolant_cooled
417901178,SydneyFoodies
2341307978,MRCOFFEE76
537876245,sarah_coma
262536165,dais_5
180999150,CoachGiorgio
65300245,tehkellays
1132200937,KiwiT73
177134723,JessieWithAnE
15929162,troynffc
21177426,presley23
2762757473,JessieDru_
26927867,FlossAus
505782890,TweetsLis
45549451,alissaababby
324746450,CocosMum_
22470188,Turrets
1243084428,MinxMizzzmel
457411146,cam__day
468896857,Kezzabelle28
33905696,lumiereux
36951856,The_Eccles
250597981,HomeChemistry
2686563469,DavidSale96
21708468,Elizabethbezzin
221253313,Mazlloree
338821106,Renerzzz
542294290,bjtqld
1131146245,OPaellaCatering
289846547,prythians
380758879,Everestedup
476350851,australiacamper
125275062,dancingdempsey
1552538606,hermosavogue_
106622094,khangiie
280312903,tinylumpy
401875684,hilmanhambali
137611265,thirtyfiveblack
2691817417,hazelbunny09
429438198,MarkRP85
1931173363,Vickisecret__
13501122,matwiseman
1632123685,GreatAussie_BBQ
34161812,jls1988
383446627,KathTonkin
169050594,Cheeky_Gee
29927621,dcpchiu
2455918632,PrinceCalmette
91351746,ClaytonTFord
28230374,Buddha3
1130887939,jayDunlevey
1680362100,eaglepiloted
191741196,SarahKate_M
33485745,Donny101
26979626,Fastie09
26142201,GraceVassall0
320171714,verysleepykoala
1228124581,andydriftwood
376679416,purplequilter77
77182888,daniel_kaye
322484832,des91pina
238128770,dzennon
113568127,Sheba_Dobson
3023528413,Missy310588
1132531981,AGlobalGoddess
17227586,Anna_63
2963084145,97bf4d8cb9e54fa
149421543,suz_zy_
431658017,KelAnne_
2681992230,lkj1765
2590355652,lovefromlisa_
2546859048,issimissee
188759850,AKennedy89
138052263,BrandonMcKenzie
177086028,dale_roots
1328903425,FreaksMaybe
428645761,StevenFeary
219552179,GWN7
121728542,Tigerwhite1977
496854680,nikgii
1386366252,kirk_osaurus
713326014,mattsnicholas
169796245,daybreaklover
2402894750,4Cate
55566167,cameron_adams
2992750166,mykitchenrules
19913546,StevesCorner
130417544,Fassnidge73
25869897,_Blessing
1408681645,JamesMarlor
43675137,_sammi06
2938968216,lovestmpy
2960021016,Chelsea68264492
2200418306,msmuffitau
877115862,punkasaurus
2595778357,mornaroar
358681085,SylviaPatcas
3035977591,MarrttyD
138373439,nickfalkner
47862321,9HoneyCelebrity
494505475,mileeandme
2281953018,Stevie_H33
90119861,Paney89
388702412,KimberleySM
402509656,TheScints
1059207842,FakeToniaTodman
40198526,paolocinonino
2941316894,jppunk84
33824118,Mr_Brown__
2263737588,pckeane2014
2975658060,GirlsWhoFeast
287061857,amandagavin
37659338,LinNyunt
957178860,Hugh_Maloney
291612312,micklerod
38645535,bookshopaddict
73796523,Dannysgrlxx
2315231857,Scientist_MKR
2949949244,sales88194029
333311787,pat_tcam
772477398,shootshareeat
2359256119,Sant000000
68925769,Beauthesius
22359616,Troiboi
2154218233,SLagaja
110916831,hsaymssik
1693969812,CSHauteCouture
219582605,nessaa73
2601647804,koro_tany
34760378,hilag14
700745372,Angelamkz
2705337668,alannah_jaynee
36327171,Calfy
113312341,Clubby_R8
408202188,Rosie_Pimm
2750824903,Thurs_Lover
33894316,AusTracey
103838251,oohhunnie0412
2831363550,Trashytalkntwit
1913262020,hawawright360
35466620,theheraldsun
2820779388,paigehemmings96
614204775,BecBoootis
2930389837,thenmoly83
167283308,jivebong
92552231,Barnabus88
27502152,PlagueofFiction
63649417,7arn
3052259569,RichosdiscoJohn
18096229,j_e_p
859315052,AnneLuvsJesus
24669894,MXYZ_
1281732810,ClareG09
1389258938,scottbrennan13
60572195,mundomio78
2435230754,chiefverdi
14707553,maidinaustralia
308870516,eathealthyfood3
72971775,MaddieMux
2930199847,chanel_styles08
42386242,NicoleGray01
2703225518,gizelleg95
59915448,andrewglyntzos
444593393,MsAussie_G
86277690,astroboi82
26986827,teemeister
489247802,vii_lauren
24791335,Oh_tobs
23053753,LoadTaker35
25000400,Elusive_Sausage
1695442555,bobillingworth
141146064,stephkate_
2710541450,peteevansnot
20113153,Icemaid
54805470,JoshyOz
413779729,PollyMaeve
1108533062,gomezquality
2539013737,legacee4
1120831028,nattydids
26989237,P_Johnson9
1512607639,IvanTrba
2167847923,BridgetDuggan_
614851608,NTertheZone
433234855,jmpalena21
382758717,Frank_Furey
102193300,iamyatin
133238401,_ToniTones_
436502521,ChristineLockw2
9444022,Jeffmister
480300122,peter__kay
587291195,Robertkirby538
397050209,chrissoday
2643566464,taomere
3043106869,PMegaw
152992187,ZedTee82
57202693,AndersonGeoff
270294818,angelofwrath63
538056844,kerriscupcakes
133926093,Shawn_Hodgetts
19707925,muffintopmon_
16947907,mattja
2942269873,joshisgood_
71493213,Nathcore
33184787,AnaNunes7
2785123074,themenorcamike
1365804972,_rhondacooper4
130123715,120dollarsfood
101736439,callmemrcarter
3017002076,junk_man29
1090319636,bow_jvr
2814697776,BendItStraight
1115573696,barnoldd
267133998,KeeniMaree
3038914968,wedancedonce
286070167,sanran100
236234481,feralfennecfox
18889369,jedro_
19683633,mangotown
622582233,infiniteashx
467193917,rwhidz
2872899853,DaniDaniDaniii1
3016260620,Blackpheenix
564663483,gabiemustaca
17959710,coco_cat
1078684573,t_bobbidana
1484651119,roofoodblog
22859657,KateFoxy
2202355524,natasha04520535
1116110186,dcm81
104086318,scottgumbleton
954504506,treeehouse
23924384,bronniemay
471868902,lexjford
593577212,Sammijl89
308990730,Julkarhen
1116121759,stweet_heart
2941433214,maree_kassebaum
2423480636,GohJarrod
279914449,Kristina_Egger
502801101,PewPewMary
782056154,theflash7015
298498586,itsArnaBack
929365638,Chriso82Sal
178957471,KRZYWYLAS
61348039,AstraKate
192826726,zozorixon
458151092,4Moorey
599185040,x0xAmandax0x
2281363548,BumblinBookworm
453509593,RachTweety
1019255234,Tarnigirl1234
39479903,hazuki3
706529653,michelle_erase
1885595221,KingStef83
25794695,cinematic_rand
1067692500,GabriellaDJ89
39935935,olivewhippet
543218867,J_Lynch_11
258750822,Dishyyy
46818975,gaurav1504
3059555898,HarryCope3
1873218510,TManiatis
436294516,benkearns3
35235179,ecalof
717530131,kenzie_mariah
3042684114,GraceLagan
160528143,zanofc
1950737006,Giigii05K
48951240,BlalalaBeauty
1321885298,brittni_mz
125589846,maybeceejay
2878701780,gallina_fiedler
93816184,flipcritic
108413207,anzacbaby
3019317787,olyrion
292419947,morphedkid_xx
1103294161,meljay1314
152595679,lilIililiIIiiIl
193586319,mwilliams2101
1253045544,kjr2286
29178646,eeadz
37329464,GabbyMann15
26452697,GBO26
240049848,CityofMandurah
361200512,alofatialata
2425648112,bernardmuthuri
2797371979,GeorgieAlice96
66063257,Bombergrl2000
252871945,nicolelayton87
82241907,megantalks
25227822,MichaelByrnes
14451059,Saint_Mich
51271144,MediaweekAUS
30648851,fueledbycait
129788257,DukeMarshallPW
2907788046,VinylEdition
983376769,claregarry6
473501245,n_tpwk
13377442,sebdavila
38139925,Ela87
82832420,Justincc21
44793218,Catherine_Sarah
394496111,rhiannonsargent
460606082,charlenecath
2189820660,SarahVandyke3
21636104,sillygingerbeer
37884446,chris_khouryy
44496152,RustKnowsBest
189467550,mary__kaye
152604471,Yummy_Lummy
935820188,markdibs
33026792,Nik_Vukoja
3041193775,CodyWalters__
752078492,Umpschumps
30183481,Mythri89
27632737,staceyrenee78
404444443,Cat_Januarian
2154193748,muarafatan
217418435,SpaceKidette
623494796,_Mishyym
30627161,JustCaseInSpace
852217994,amos1911
22348141,cleee
2931789037,Comedy_31
773300995,TheBontIsGod
2549618714,CandyOn_TheMoon
2876607031,mayaixchell1243
538482349,NACCHOAustralia
139614871,sarahtbartolo
2475518550,sshhaalliinniim
95180748,Boehl7
3061078507,_ChickenHawk
773658752,PetrieLill
33054023,Adam_bets
236242644,amy_jozing
1532819112,BlomquistTara
153410226,ash_p_ash
2909905314,TrixTurner
41973345,Cecilia_St
449534540,ABiggLife
20644420,TVWEEKmag
2365152944,XinhBerreman
15686545,shaun001
307242379,christineees_
2933995596,CoffeeBrue
187482736,agnuspagnus
2483605494,ShadowerCatcher
2420284284,buckez2593
88872569,timattrill
1587277770,_ambsx
143770402,kirsty__young
43069125,cjroberts13
28057718,rickysam
3004682262,MyLillyPads
750477870,tassiekr
193109850,TATZdownUnder
252930973,amandaharra
22871737,datriddim
30795707,taals95
454683323,myschaaa
1851298633,siennaunltd
64855519,dillonpete
16237972,vampsy
300250907,ericka_DJ
38106977,PrahranMarket
24459252,Lee_Knight
278733220,wellinquinn
17646796,mimstacey
14861476,paul_ricketts
156464691,7NewsSydney
116074537,KyrieOnLiving
2554970816,Steph_Dolan1
26211473,_Tatew
1677569143,doogsadavis
26459797,ann1e__
244821757,PeteHattam
3049478762,goggleboxAuFans
71416635,BinnyD
3068552947,Willtech101
162900239,MarkKhoder
237484775,Limk_Kid_Browne
541443005,Nyaa_Sha
37600849,kjw_1
370329077,JosepCarmona
38388324,erfaanarif
37608541,jfazz16
861839144,lliam_BL2
296147560,ThingsOfLux
798066384,CueSamuel
35603413,Kiaarn
350209691,furrybugga
297592019,MattTurner10
270774535,BravesirRobinP
780231324,_cnrchickenshop
3056089651,lpatsboath
57455365,kelsswynn
20954511,LizannV
23411203,officialjenncam
2995021182,ChrisThorburn33
157948722,CaseAffliction_
510017162,Jargon1024
308795517,stephfafahh
22863660,forpetessakeprd
2287758954,DydeAmy
24113341,Bundynelle
428909910,heyheykatee
2987669000,AmyMunce
13005572,chellion
472498824,elloiza_lee
343280656,dancinjune
412180717,helentsangaride
17569860,dandebuf
26373938,AnthoBuzzTV
327926324,jaccidental
3038926481,MarkRecipes
30644882,Crackerquacker
1537918573,PommyTikka
994969160,88funsize
34172656,ammestar
31069840,trinnybopper
37292428,ColinCowell
943210460,IrinaLV143
287591876,DianaD_42
54062781,Shar_ryy
198789305,Giizu_
7177992,retrogrrl
2494697116,Debraleighchem1
630236717,DaQWERTYTweeter
220838876,kapusta_sarma
591097853,aussie_gal27
303055206,_JELZY
1312276951,neoningreycrowd
19743434,Elie1804
181150518,JK7crow
892955768,Cymriaaa
309525229,RipleyP1
65774694,caz4366
376749138,KennedyOriginal
99233470,PK_APOSTOLI
388607452,MarkHosking1
331484214,dominicgoldman1
472892458,gastrominogue
21552376,lhjh70
24825958,PoshLopez
2951881910,ClarissaMVC
36338681,johnnnle
397232216,OpenaDoor
769335475,niccc31
2881426850,derrp_90
949291260,CarolineAMac
98605029,arozenbachs
20908942,jemawi
2283431077,stylinsonlustx
1664719170,bibliocake
478304315,DeeBeeFairy
19440175,bondibeachgirl
23699500,ConjurupFood
39242479,sunnyfung
335749946,petercallo27
80471345,nic_bec75
127025784,neilsherwin
59086958,Sarahfeetham
162327572,fabulousnwitty
2204440794,perps06
176763671,eri_0908_
124599753,C_assou
1907609012,oohlahlah09
2790288915,TiaSkye12
435515048,jincantations
337995180,KymThompson
382508008,ScarlettRose8
49258624,carlynut
537920464,jimmmmmmmmyyyy
2379558337,uselessfame
750772255,flameovsthecity
406072074,robertcw7
388097832,savannahbafford
2933231912,__jobe
2159727793,EmilyStock10
204189784,tracey_yip
522092019,john_rosato
18794041,megalasaurus
108169840,ashleighkatexx
459768241,SaberBaluch
27850819,joely_g
580684643,Glen_Noyce
298946789,N1100050A
24637782,sngo1982
1105753261,normallycomplex
251423183,_tori_maree_
573660240,Ricky_Ricardo82
97844235,savside
1434417487,nicole62838737
3061698116,oktangeselin
24188289,Jimmbaland
482562312,JeddLefty
280974913,BRYCEMACD
238103606,MichaelsBootie
307301272,adam_whereat
124948370,bekmugridge
384820444,eviekay_
600152232,Bronz_Solomon
64177263,ComputerSays
36933144,LeeWallisUK
2616414786,Maddie14Mp
324963642,nserrano83
163367000,acerimmer68
1523549617,FlemingtonVRC
375594832,Lucy_Gemma
21543880,oppycarbon5
47368893,ScreechDinero
1261319822,mightyquin4
2408638574,MiddleInformer
2200317882,tj_linda
157996080,Humbuggiess
605013258,SewJoelle
334921581,CHSommers
74935998,Alicia_Maher
84537718,jessetron
236729223,caseyfinleyy
9444712,turnherintolit
37104990,blooodygorgeous
22314584,kitteh09
2215072818,Hellooo21Shaun
17051256,krisgest
1865778720,sindend
1659194244,bobbetry
246317985,_foundtheworld
145331030,juda5cow
1613752482,AngryPanda78
300870992,kath1377
19524046,tastetrekker
29613877,kelly_bear
1661663203,tahliaandfamily
385359223,AnnaCMcConachie
949380854,CreatrixKali
2886833989,danhickey2199
112959280,joolz2610
416182191,leesh_clair
26119836,carlyeastman
259406566,jadeelouiisee
3017288564,SayItAintSaul
1899850260,jaiveturkey
248097825,ollerochw
2926234633,divine_miss_d
3036127957,50hzMac
2300238571,coles_radio
1456883023,caztanzaa2
467589404,RealTalkAU
54522269,Erin_Reimer
39237911,knowlesey9
53348173,MattsDigits
13207852,galaxybounce
275622946,YumchaAddict
1042096441,blackheartlukee
118016505,Aoife_Craddock
30198833,jessm3191
23535665,serenityn0w_
2464579093,We_colour
41298522,Mattys123
34228847,louslilkitchen_
1072285884,Gabridri
218354045,Conks425
3043709587,Meilleurvous
905966455,_little_old_me
226904642,damomcfadden
22874109,fleurybanery
14223097,lucybarrow
75142659,bentyers
914245838,Maryefoster
883093754,melissaaakylie
861012667,Caboose_21
2606845027,bradp4409
239964366,LynneMcGranger
329672329,courfeyyyrac
2818810598,MSNAustralia
25062257,NateSl473
1279641403,RestaurantsRant
1000459982,ramadanbes
129520343,jacksonator10
93402197,lucyroxane_
1008161004,maggiejade98
529090657,agregg62
2611692264,lyth_gabby
63070517,TheOnlyAnimal93
1456555232,CraigHardy2
22029787,dan_cake
2415915638,ModoAmiga
182248706,acreedy
25271470,hanahscorner
22310197,Shannernaut
30536727,hippeechick
885751759,thom_mik
1422546212,SOSNH1995
1376795790,horrorhxrry
14711982,realityraver
702679699,Rennybear94
35615013,R_Maree
8532872,blueberry_lemon
169326150,Nerfenstein
64067052,syazlicious
21798586,Kirstin_McM
436974411,harrington6014
1005637784,ashy1198
619903250,BarbB23
898707906,PKaotic
855812407,LarissaGascoyne
3079113053,cantonesesosage
278822964,Byronbaychop
1371249781,OliviaMeena
2928145964,wesleynikes
2913505338,jamesarthur83
380103390,MACK3Y41
727039754,SamDickfos
610471716,danie_yarranton
1245735506,TinkerTigerBell
1409775242,maxslonim
144051948,josuhakeegan
406075350,antoinettemel
25807167,SimpsonMatt
3029840821,jennasgatt
558279290,Mumdeep
113574722,kevvaaa
20731075,_sydneysage
207602032,sk8ergirl53
16896391,Ozbird
2309562402,CoreyC119
36575908,Gaz_70
2269865773,SandyKoko223
2241786542,roxygirlz12
3011276515,yvahn007
471589631,Wittyfan
266723506,Xyndarella
26403375,hosty4
2376905809,andykhoiz
431469458,auscanucksarah
58408717,cizzamate
107138512,RyanDavidTaylor
1978322882,CraigDancingman
35084627,jennyeather
48472438,pas64
1600557554,foodtemple
578803218,umairash11
43517398,MsBritBritBritt
83315955,digitalnoir1
3018349502,chordbuddy0
581668532,sue61_sue
33840546,AmeliaHammo
459976309,tiimmaahh
216316484,helloheliotrope
821176802,OfficialEsharp
49477936,SimplyCheecky
72549881,K8ie_Mac
27931945,ineedtovent
160132829,barbwodecki
814476685,Adam___Price
360360817,PS5AusGamer
22623059,Carlz__
178668778,Da_Moley
2984670883,LFilipovski
353533765,chloee_oliviaa
804454855,olson_75
450414092,DustyPee
410748351,evamcdonald55
245348903,AlanWPhotos
21828233,_Just
62391759,beautran
1330268850,OlieCoco
384811971,DJ_Psymoss
116093402,racht
394344436,modernmissmel
1523942082,craigspissed
2869834818,stateofnjh
42774171,mummahh
26957668,DrZen1
27176695,LISACOX_CO
97637281,oldwolfpete
213414128,Whale2901
414621260,Absolut_Slut
1953063710,GILINSKYSANTHEM
400010259,KateVictoria93
237559190,StephenFotakis
3001052048,CariNowland
220616405,Weeezza
382063351,donna_lee_
217761175,jillz055
47297309,jaywill66
183908015,nonsensically
25191829,immichaeldixon
1272250819,McFaddenRowie
253813472,physiodetective
383603196,Destiny_NYC
187903389,R0B_17
2883133296,NIALISTHEBEST1D
2344450981,lindsaybennett
406835617,fillylilly82
23560554,DarthKater
24152253,SupaKimmo
3063697555,AKTAVITE
537027271,PennyHawken
76687298,The_MovieOracle
2714456838,chaisrmckay
416081088,kanjakardash
1184986788,OldBalmainBoy
204670923,wanillabean
17335247,lyndsayj
514182160,empaulina
266503061,Rellielicious
32345052,kandilistk
175976959,H4mmerz
26966864,Anya_Allyn
17986854,brutalkind
1415578772,IMAROOSTAR
35172803,nicwkelly
32337025,nelsito82a
2700379730,FrogAdams
113526488,donniebrowne
42839794,BennygTheJet
132445467,GeorginaFreeman
575139959,TurnerBurgerJr
2233914776,hock_17
890392501,MaliaMaddison
20051851,chanellkristen
72825930,TracySteyn
14522298,FeliciaInOz
245299702,Kimbobear60
2718362810,neondiscofish
497437094,Beck180275
201303134,drnavinck
3037268654,JodieMcgoogle
1892446333,KenRobson4
307777099,stacenstitch
2333031210,tomlinsonftljp
2969344940,dizzyinhere
23261237,samantha_lb
782172692,AshleighLehmann
23747654,bishcheese
779043331,SevenPerth
44025107,Celebchaser
88665647,j8s6
2987013481,xxchloe08xx
68945794,smithyana
211035012,surlyITguy
147040855,raihannb
176675722,feisty_wombat
1371715152,jay___tee91
544234417,alexsandra_jov
8018342,skwashd
103845812,kellyhd
401144533,kalamity_kay
3014112282,Sheriff_St3ve
297877558,quincepoacher
264175249,rocket_speaks
34153781,thewilllow
346492602,ShannonMarie_2
3040022441,TLB_95
1368231091,gml656
93115496,Dan_Gerr
26475621,mattyh23
372588162,shynesbishop
1652222918,cowboydaddy22
91774758,TheRealJMarshal
253830888,julieannhayes
105334811,beancounterau
82522377,Jojisaurus
266010557,zippuli
26182948,TravisKenny
2531315922,LibHufton
107244494,NicoJulian92
269594988,AdhikSuman
1592795264,becstar3079
16356699,TheDivineMrsO
525075235,Pistolla81
27609803,NessaFayBayBay
369344714,Tweet_deseballs
376551482,lainie_york
405372860,chelsaars
2211429150,therealfimshady
38398282,ScruffyGrub
14389384,Kirrily
704903653,GourmetMale
305648631,PS5fanboy92
204064491,andyrewbooth
139684231,CarlyPettitt
2321394518,AMooingAssassin
723931914,imogynmargaret
49725328,bradatwal
471782633,Cathartic7
2959035272,StevemuleyaSm
270742181,pkharan
282556245,jodchan
2470821504,No_KitchenRules
2571856887,citywide25
1715460890,breebri28
402612676,Brim63
505651301,KiarmaSheedy
21855539,RachTsv
600703193,rodjohnbutler
1557810643,blackychan1167
913493396,journalofcarmen
229376260,ShesApples23
25257175,digital_bunnies
29155260,LittleWitchDays
139676335,ms_meh
14567099,chickwhizz
146668548,cruzie06
2872417253,PhysiqueBluepri
105257823,shrekmillar
23935607,misskylie77
2797758762,isobelardent
94730091,_annalogue
25795054,iansmorrison
22436706,Scheherezade_H
59699957,lukeyook
2999165598,exposerealitytv
481530445,NicoBedie
22605785,drewskimalone
487381979,vikkim11_
425480166,bettyheaslip
394281177,sporkinginparis
1269648894,leenielouuu
374382454,mmosley93
270769523,PeterBlahBlah
174573325,sarajessica96
2954375587,Dank_Weedo
2959321592,mercurymay85
24988926,lukeaoconnell
746476321,stefaniasphoto
324309993,hallkelly00
23395026,mmilly
1808267214,onetruenacho
36941473,ohheysammi
528489716,Sherbie_89
338382027,iwantyourcats
2675563262,VjKout
260677385,amber_wallace75
797077016,karlajaye001
515078963,NisforNana
23910994,nubby_han
490937555,BakedBoons
2665444388,dhardiesmith97
3014051095,shourovjeet1
54724270,toohey_sean
1902051997,Gary150iq
27199782,taralovescats
555572565,LyndaMcCarthy2
278830401,Gloryandfame68
1557009919,fiddy_kay
826701510,whatsnextjake
2923535251,ChantelleFrase1
375617596,Opinionistas
632966140,AusPty507
1013404638,HajiIshak1
18110747,Chrissaayyyyy
2910757561,DustyVixen
269746147,Rick80fik
3204141,yeechan
2268052310,Anne1Patricia
359338828,youngstreething
1388621934,isthatrenee
26976949,kategrech
334628923,annamumofone
34517703,_illuminated
44335896,xwickedmindx
3022316162,wheelygud
49193480,nymphalies
1509622267,MahoganyDog
32203489,emmajsearle
28267249,roxy_melz
628153082,Bruce1Walker
2934037050,ChahalAhmed
26952244,Cillagirl
535180227,homerjwong
176294000,MissCaseyCes
2438299764,tigernessie
237245712,Cori_Cori_Cori
19580931,SweatyJester
261533288,__asdfghayley
715515121,JoeyE147
2991476692,jojomarie1998
245158192,yesisaidthatt
1093638847,Channel7
1437856304,Jightog8189
154493855,irishcaskettfan
1535422453,loz_jd
16497375,andru_b
592607893,CastoFranco
22906120,Lyndzzz
242266282,elizaclairem
1245880722,xxdanni22
591728335,CzMonsterland
773330227,rochelled270
301467359,cuzziewoozie25
1226454150,DanaellaWivell
233294351,maddotsu
3016696205,laylasouthwelll
19660722,andream75
2159555124,harrysarz
184667858,shrunkenjumper
45246370,fabiannormann
2591139138,_Barbi_v
1937077465,OMCG_NEWS
510002987,RemoveMyDefault
2831757013,SonOfAWookiee
84018322,melissajaneu
73850532,BronWinnie
70365444,charli_eaw
1434732486,AbeleSkuxx
53645593,ChrisCallow_
430570815,nansy_e
216599063,DaisyChainPlans
166947848,AdamAdams67
544243120,MochaNSlice
1893758478,alexandra_vsthe
486241691,MealsonWheelsQ
19331073,jessmercieca
321478435,h_jav
368273781,DjSixUlugia
118613214,I_Like_Bad_Boys
54517562,Kim_shoegirl
42542097,GrumpyPigeon
551801313,bigbeargooden
24988494,HoneyChild_OZ
51698152,_Willo_
243502830,frostfang83
267601954,leggoet
69492564,xJodiepants
2569880294,gamertagtag
197390159,emdowell
260581939,kendoggie13
1076296536,Gabsta526
37532853,jezza_nastyjvc
440773782,robbjones24
33438934,kaylapara
67553438,Tricia54_
153753775,callmeteddib
2988747827,keirax3
40159974,ismisecaz
2805943306,WillbordOficial
757129014,knalty
270897974,ElijahBKris
249985329,unomadds
151192048,00jamesblake00
990206568,sci_fictional
151232782,enistico
497757752,kerrieehoward
2273823290,Former_legend
2959158210,luong01
2760364394,johannacleary99
388206160,Jakie_1993
23579504,krystalyoung91
2467067887,HotelKiloPapa
2521781652,jak_i_am73
141132001,anthonycaggiano
294340629,scrumblebum1
34141391,meegyhart
25805982,muzgaz
285294461,mwa81
3013198644,42e1086b27ea4a1
25991480,DanniStevkovska
192194274,jamilaelhage
45036000,elcoate
240010214,mcsquirta
554796154,Rachel_Birch87
2919058680,GoodDayzAlwayz
109770170,suzyqsmiley
1923691058,Student_Nurse93
35644750,Rabsx
2450721206,tomteetee
1683053797,tinasallen
264025613,travmarsh8
36891763,Aussiebones123
1945683854,adelaidemale
77050158,iampookiefly
26112460,BekBox
392475934,partymuma
1279581114,JustinHaigh09
177437874,TheTrueGoddess
319568215,chilichips1
2279758842,TigesGal
144403523,thatfizzchick
3041131267,EllenMacD88
141680286,coIdwaterwes
2300851680,Summer_Perry1
816225757,DrDebGleeson
404838497,MehakASheikh
586166580,Coal_Front
607070488,heyangelstyles
75486880,ozmonty
29425573,roseymbee
22006180,sandraboo72
77740926,AmyComerford
272704749,MarkTramby
31076291,rosie6172
27400097,NatalieHude
326542714,IAmJeevesAMA
2978028493,Sethology_Seth
3066306967,kayla_ashlea
25877711,_julietwhisky
2650305320,tianadasios
1922253924,EmPantz
2895680568,Amovego
2410882465,coastphil
80816781,Benn75
1398605364,Alison_WardAPD
120742924,kiiiiiiiiiiimm
91217878,prestonc23
2829793357,ItsWend
1364376428,WaityAJ
2995238508,e50441888
1269271862,IlaKulkarni
2684662728,chapman1606
413522813,Dazzling19
19178668,Mamamia
182336607,dkou84
261479421,mellovesmusicau
2961908465,isoutahere
188559813,davschulze
3019474338,Drakahris95
3017224700,sohs83
34094550,_marisajane
26198761,_Stacey_Lee_
471721045,dan_kirls
16498214,fangirlerin
3045384109,78sulwar
26700569,rohankleem
22349780,CarlaDelvex
555709757,TommyBick
1799000648,MaddazMcNiece
2473092354,annieandjason
3048678571,TLBS_HoneyDe
340201168,MellykinsD
234162853,danni24984
21641042,johnfk78
576228558,deblovestravel
21167865,PeteADubya
502866773,TrizzyTori
384731898,BowlerBarrister
3042933306,janeese_abreu
3043152194,mlrogers92
2805183704,michellek4020
2903285930,kat_hryn7
2988522408,luki_daBeast67
104731954,Suse15
422348926,michelle_b72
614046982,nathorgan68
556506194,Milsta_Riv
1708735813,AlyssaRocchi
47074796,foafoy
37200824,jordle18
2887048652,TolkiensMaiden
519115078,DEANPEAI
22607317,ERN_Malleyscrub
175261461,Tinker_Shar
1261374181,chrisdax777
463523296,AnnaTreasure18
500478646,WhimsicalWinzar
600140001,Schuey26
16329558,Latte_Bogan
29694441,nicko_316
86218737,angrybuzzard
2498963143,thefoxbandit
2313317216,Jenkins_Catkins
404060390,macgyverpete
33836295,falzonies
26731498,Kateawest
148673335,iits_tina
22447627,nathan_bobik
2698198794,Maya_Zing7
389706217,danniyelleshea
824719051,1dloan
373336615,desmelbourne
77149862,Kaptain_Killjoy
1040568314,bigtime147
47940669,emmettoreilly
397153813,clovar
383943798,KsaTurki
31103336,Revvin_Renee
2560762160,technozone00
561596765,BL_Waller
27406310,XHSMGX
1704384571,mishbucsai
2330373110,Holsta97
28976669,Ryansrule
1015170002,james_powditch
132699182,Deezeleedee
2916179023,togezone
51010405,Nathan19871
39206476,hjd_x
1000801513,Kevin_Jacob7
35908340,MrsCarseldine
290281469,shannoneurell
26382252,Stephanie_Jodie
2989104576,phillipbuzz03
25975572,sculls_6
1132427582,Ebs351
24452267,bronny25
107231362,GracieTheEscape
990582259,sammy_tim84
1199102480,HitNetworkAUS
730916496,meags80
516402265,Sparkesie
105459936,the_red_heifer
2851217976,Eerihs12
23904631,teinzr
618881569,admirekook
522628807,MickFloyd
781783712,AshleyLukee
1592044152,lilliandoyle8
457369843,RH18415
1133477605,LockeTigers3007
2426118242,crystal_conte
2437652922,helenaandvikki
1324227378,ToriLouise14
2830781680,RealGamer9001
25794806,MrChris__
84822058,sassystephen1
802012910,_rachelsalib
2371659469,shan_pez
2355989107,ChristieLeigh21
3016518217,Calidad_Direct
3019484551,niamh_bull
2913633110,el_howie03
333308380,beccy_hollis
1605433962,jacobjcurrie
1874504276,BunnikSacha
297148960,kimbo_jayne
52563709,bulkanevcimen
532938116,_StrawberiMilk
340080135,bect82
434500296,Ge1shaGirl
230010114,ashyanne31
459256894,SkyeLittlejohn
117696158,thusarad
15037961,hannahyep
711802766,walslab
19777438,chelean
38771493,KentJohnson
754801375,chloejill87
9792842,qwertimus
181012509,NPigg
55508885,katicapedisic
15054967,Krillany
332733532,Micka_74
1639716373,Shazza_55
105727782,AlexHoneybear
869873964,_eenpee
417778462,NathanCoppock
1613898781,AllyLeiba
419092341,TooHeavyToHug
2224896846,billboardno1bts
92238532,adrienne_davies
2710900951,MKRAaronHeather
2691604651,LittleSisterGou
2907726151,MaskedDows
22135526,alliewonder
1965776832,xSuperAndre
764539766,MickQuaid
58446264,aliceebreezie
1248431851,NickM97
292838364,caitlinlibrandi
2551193485,quinnie420
2403260629,pennycan69
1289990616,sammyj__
2959270807,dognippies
2344987903,isabellaferg
231380572,CindyTran_
27373318,syc008
1168664600,_phylliest
552264392,maddevie
328517201,AlvinChong79
1414469732,J4S0N84
232741193,peppers_ghost
474703667,EbonyKateFord
2784049716,OneManUniverse
337002546,HeyyitsSheridan
1786717172,handygab
185122051,nhanienah
3047674050,MizziBianca
1108882777,SSteveasaurus
627243009,d4phpunk
228581811,dtotheaisy
3024866527,12GaugeNinjer
37179327,EmmaH1123
2938836979,SafeeraHussainy
138559532,SteveMolk
61422376,khltlooking
1099683991,Kleenheat
179897048,Sailor_Venus93
550006991,lkderob
1523446454,hunt_herman
405453388,itsjordancullen
499547162,cirniggles
198621371,troopcarrier
320076160,TheDWridg
2975432070,EmeliaSenaya
385300019,monster_mia
2916450974,carsd12
501521155,jojoeyjo9
410543377,jeffwortman14
11581422,littlenomads
2920593829,taylortessa04
82382073,elsalimin
18933150,thunder_67au
82184658,AndrewThackrah
43306480,mitabasir
260468829,OzNads
52658551,teucampbell
532049060,kate_candy_kane
2907613274,tianau_123
21184634,invaynity
1920668550,CTVLife